{"cameraMode":{"drawMode":0,"name":"Shaded","section":"Shading Mode"},"sceneLighting":false,"audioPlay":false,"sceneViewState":{"showFog":true,"showMaterialUpdate":false,"showSkybox":true,"showFlares":true,"showImageEffects":true,"showParticleSystems":true},"in2DMode":false,"pivot":{"x":5.949999809265137,"y":3.880000114440918,"z":0.8000000715255737},"rotation":{"x":-0.5976860523223877,"y":0.01851367950439453,"z":-0.013806617818772793,"w":-0.8014001846313477},"size":8.040243148803711,"orthographic":false}