{"cameraMode":{"drawMode":0,"name":"Shaded","section":"Shading Mode"},"sceneLighting":false,"audioPlay":false,"sceneViewState":{"showFog":true,"showMaterialUpdate":false,"showSkybox":true,"showFlares":true,"showImageEffects":true,"showParticleSystems":true},"in2DMode":false,"pivot":{"x":-1.4259999990463257,"y":1.006700038909912,"z":-2.1459999084472658},"rotation":{"x":-0.5976860523223877,"y":0.01851367950439453,"z":-0.013806617818772793,"w":-0.8014001846313477},"size":0.6188436150550842,"orthographic":false}