{"cameraMode":{"drawMode":0,"name":"Shaded","section":"Shading Mode"},"sceneLighting":false,"audioPlay":false,"sceneViewState":{"showFog":true,"showMaterialUpdate":false,"showSkybox":true,"showFlares":true,"showImageEffects":true,"showParticleSystems":true},"in2DMode":false,"pivot":{"x":0.0,"y":12.500001907348633,"z":-0.0000014901161193847657},"rotation":{"x":-0.5976860523223877,"y":0.01851367950439453,"z":-0.013806617818772793,"w":-0.8014001846313477},"size":43.718753814697269,"orthographic":false}