{"cameraMode":{"drawMode":0,"name":"Shaded","section":"Shading Mode"},"sceneLighting":false,"audioPlay":false,"sceneViewState":{"showFog":true,"showMaterialUpdate":false,"showSkybox":true,"showFlares":true,"showImageEffects":true,"showParticleSystems":true},"in2DMode":false,"pivot":{"x":0.021752774715423585,"y":0.07274401187896729,"z":0.016372203826904298},"rotation":{"x":0.15063920617103578,"y":-0.7986676692962647,"z":0.2236238569021225,"w":0.537990152835846},"size":4.0536603927612309,"orthographic":false}