{"cameraMode":{"drawMode":0,"name":"Shaded","section":"Shading Mode"},"sceneLighting":false,"audioPlay":false,"sceneViewState":{"showFog":true,"showMaterialUpdate":false,"showSkybox":true,"showFlares":true,"showImageEffects":true,"showParticleSystems":true},"in2DMode":false,"pivot":{"x":1.0705868005752564,"y":0.13153934478759767,"z":-2.59696626663208},"rotation":{"x":-0.7243555188179016,"y":0.013851971365511418,"z":-0.014558838680386544,"w":-0.6891367435455322},"size":3.5513856410980226,"orthographic":false}